transaction_id,account_id,customer_id,transaction_type,transaction_amount,currency,transaction_timestamp,transaction_status,channel,last_updated
TXN10001,ACC1001,CUST101,DEBIT,125.50,USD,2026-01-05 08:15:00,COMPLETED,CARD,2026-01-05 08:16:00
TXN10002,ACC1002,CUST102,CREDIT,2500.00,USD,2026-01-05 09:20:00,COMPLETED,ACH,2026-01-05 09:21:00
TXN10003,ACC1003,CUST103,DEBIT,85.75,USD,2026-01-05 10:05:00,COMPLETED,ATM,2026-01-05 10:06:00
TXN10004,ACC1001,CUST101,DEBIT,45.25,USD,2026-01-05 11:30:00,COMPLETED,CARD,2026-01-05 11:31:00
TXN10005,ACC1004,CUST104,CREDIT,1800.00,USD,2026-01-05 12:10:00,COMPLETED,WIRE,2026-01-05 12:12:00
TXN10006,ACC1005,CUST105,DEBIT,320.00,USD,2026-01-05 13:45:00,PENDING,ACH,2026-01-05 13:46:00
TXN10007,ACC1002,CUST102,DEBIT,150.25,USD,2026-01-05 14:20:00,COMPLETED,CARD,2026-01-05 14:21:00
TXN10008,ACC1006,CUST106,CREDIT,975.50,USD,2026-01-05 15:35:00,COMPLETED,ACH,2026-01-05 15:36:00
TXN10009,ACC1003,CUST103,DEBIT,200.00,USD,2026-01-05 16:10:00,FAILED,ATM,2026-01-05 16:11:00
TXN10010,ACC1007,CUST107,CREDIT,3250.00,USD,2026-01-05 17:25:00,COMPLETED,WIRE,2026-01-05 17:27:00
